input,output
https://i.ibb.co/GfdMVCHs/cast-def-0-15.jpg,TRUE
https://i.ibb.co/p670RYYV/cast-def-0-7.jpg,TRUE
https://i.ibb.co/Vck3jjD3/cast-def-0-26.jpg,TRUE
https://i.ibb.co/Z6Qst9K0/cast-def-0-28.jpg,TRUE
https://i.ibb.co/1ty4p2Kg/cast-def-0-40.jpg,TRUE
https://i.ibb.co/d0QSXDmr/cast-def-0-49.jpg,TRUE
https://i.ibb.co/Txm1p8MH/cast-def-0-65.jpg,TRUE
https://i.ibb.co/G3WZMfwR/cast-def-0-61.jpg,TRUE
https://i.ibb.co/xt5VJ2fp/cast-def-0-67.jpg,TRUE
https://i.ibb.co/4n56bGqG/cast-def-0-85.jpg,TRUE
https://i.ibb.co/S4CL9PMQ/cast-def-0-87.jpg,TRUE
https://i.ibb.co/MkmJ8tM8/cast-def-0-88.jpg,TRUE
https://i.ibb.co/k629sFh3/cast-def-0-108.jpg,TRUE
https://i.ibb.co/RkxrfC80/cast-def-0-112.jpg,TRUE
https://i.ibb.co/wFKRwsYF/cast-def-0-118.jpg,TRUE
https://i.ibb.co/tT1Zt3jX/cast-def-0-138.jpg,TRUE
https://i.ibb.co/TMSy3S83/cast-def-0-143.jpg,TRUE
https://i.ibb.co/0p80VnFJ/cast-def-0-144.jpg,TRUE
https://i.ibb.co/7Nxc67zx/cast-def-0-147.jpg,TRUE
https://i.ibb.co/6RhXCzZ5/cast-def-0-148.jpg,TRUE
https://i.ibb.co/C3gD5MSD/cast-def-0-149.jpg,TRUE
https://i.ibb.co/Zp3hDFW5/cast-def-0-150.jpg,TRUE
https://i.ibb.co/RFYyhj8/cast-def-0-151.jpg,TRUE
https://i.ibb.co/vxhv2W3K/cast-def-0-154.jpg,TRUE
https://i.ibb.co/kkD7wQT/cast-def-0-157.jpg,TRUE
https://i.ibb.co/0TKgv1p/cast-def-0-158.jpg,TRUE
https://i.ibb.co/v4RF7g6T/cast-def-0-159.jpg,TRUE
https://i.ibb.co/VWSP99T5/cast-def-0-161.jpg,TRUE
https://i.ibb.co/cRPx71y/cast-def-0-160.jpg,TRUE
https://i.ibb.co/m5Y1qVDs/cast-def-0-162.jpg,TRUE
https://i.ibb.co/qLs4PRC2/cast-def-0-164.jpg,TRUE
https://i.ibb.co/kV9mMMpJ/cast-def-0-174.jpg,TRUE
https://i.ibb.co/tpZwXPkK/cast-def-0-175.jpg,TRUE
https://i.ibb.co/qYjtF5mX/cast-def-0-176.jpg,TRUE
https://i.ibb.co/ycd3YQcW/cast-def-0-181.jpg,TRUE
https://i.ibb.co/RpYRbYCd/cast-def-0-184.jpg,TRUE
https://i.ibb.co/6JpVKTDX/cast-def-0-182.jpg,TRUE
https://i.ibb.co/nq4f5NYr/cast-def-0-186.jpg,TRUE
https://i.ibb.co/dJV2VyVy/cast-def-0-190.jpg,TRUE
https://i.ibb.co/YTDJF04x/cast-def-0-193.jpg,TRUE
https://i.ibb.co/QvhthBdn/cast-def-0-197.jpg,TRUE
https://i.ibb.co/JjKJBBT5/cast-def-0-216.jpg,TRUE
https://i.ibb.co/DP159Kmg/cast-def-0-218.jpg,TRUE
https://i.ibb.co/C3kkSVp9/cast-def-0-220.jpg,TRUE
https://i.ibb.co/N2GpTh1N/cast-def-0-221.jpg,TRUE
https://i.ibb.co/DP5SFV4B/cast-def-0-224.jpg,TRUE
https://i.ibb.co/vvCQL8hN/cast-def-0-228.jpg,TRUE
https://i.ibb.co/JWf3FnQd/cast-def-0-230.jpg,TRUE
https://i.ibb.co/LD3dyjTR/cast-def-0-231.jpg,TRUE
https://i.ibb.co/TBmB032y/cast-def-0-235.jpg,TRUE
https://i.ibb.co/GQ560fng/cast-def-0-236.jpg,TRUE
https://i.ibb.co/k2gwZf4t/cast-def-0-242.jpg,TRUE
https://i.ibb.co/Hf5vNKFd/cast-def-0-246.jpg,TRUE
https://i.ibb.co/CKmy3p3N/cast-def-0-249.jpg,TRUE
https://i.ibb.co/1gWNWkK/cast-def-0-247.jpg,TRUE
https://i.ibb.co/4ZJ87VN8/cast-def-0-257.jpg,TRUE
https://i.ibb.co/tpsfXwdm/cast-def-0-259.jpg,TRUE
https://i.ibb.co/tpGkJRGP/cast-def-0-260.jpg,TRUE
https://i.ibb.co/PsRjgpQH/cast-def-0-275.jpg,TRUE
https://i.ibb.co/p6HmYYnK/cast-def-0-280.jpg,TRUE
https://i.ibb.co/fYL6c8s5/cast-def-0-283.jpg,TRUE
https://i.ibb.co/JWZFb8T8/cast-def-0-290.jpg,TRUE
https://i.ibb.co/YTP54kCN/cast-def-0-291.jpg,TRUE
https://i.ibb.co/RpvsNSMC/cast-def-0-302.jpg,TRUE
https://i.ibb.co/KzB8rDRs/cast-def-0-299.jpg,TRUE
https://i.ibb.co/mCZ3fFWY/cast-def-0-303.jpg,TRUE
https://i.ibb.co/rR1MT8jy/cast-def-0-340.jpg,TRUE
https://i.ibb.co/WW4YYJxY/cast-def-0-363.jpg,TRUE
https://i.ibb.co/0R0JVbcN/cast-def-0-367.jpg,TRUE
https://i.ibb.co/yFPf7rQg/cast-def-0-432.jpg,TRUE
https://i.ibb.co/G4qtWLCH/cast-def-0-411.jpg,TRUE
https://i.ibb.co/4RPWXJ6c/cast-def-0-434.jpg,TRUE
https://i.ibb.co/KcxYRWbT/cast-def-0-436.jpg,TRUE
https://i.ibb.co/NqCbt5J/cast-def-0-437.jpg,TRUE
https://i.ibb.co/Z1bzLML8/cast-def-0-439.jpg,TRUE
https://i.ibb.co/SLCX0HT/cast-def-0-441.jpg,TRUE
https://i.ibb.co/1JdhJ6zJ/cast-def-0-442.jpg,TRUE
https://i.ibb.co/k6JNwJTP/cast-def-0-450.jpg,TRUE
https://i.ibb.co/cSFGtBcy/cast-def-0-455.jpg,TRUE
https://i.ibb.co/pBkTPHs4/cast-def-0-456.jpg,TRUE
https://i.ibb.co/VWS8r4t7/cast-def-0-457.jpg,TRUE
https://i.ibb.co/2161M5vX/cast-def-0-459.jpg,TRUE
https://i.ibb.co/Myp0PgTY/cast-def-0-460.jpg,TRUE
https://i.ibb.co/Fqbv1Kkw/cast-def-0-461.jpg,TRUE
https://i.ibb.co/spGmYhB1/cast-def-0-462.jpg,TRUE
https://i.ibb.co/Y75KbVNP/cast-def-0-468.jpg,TRUE
https://i.ibb.co/M30q7Xs/cast-def-0-480.jpg,TRUE
https://i.ibb.co/4njb0xXs/cast-def-0-483.jpg,TRUE
https://i.ibb.co/ccjjc2Zm/cast-def-0-485.jpg,TRUE
https://i.ibb.co/MDQmqfMC/cast-def-0-486.jpg,TRUE
https://i.ibb.co/Rq1wKkV/cast-def-0-490.jpg,TRUE
https://i.ibb.co/YFzFPzfz/cast-def-0-495.jpg,TRUE
https://i.ibb.co/5gK0Q4y6/cast-def-0-491.jpg,TRUE
https://i.ibb.co/KpcybRxq/cast-def-0-499.jpg,TRUE
https://i.ibb.co/3yxcqkpN/cast-def-0-496.jpg,TRUE
https://i.ibb.co/ycrrSjf3/cast-def-0-500.jpg,TRUE
https://i.ibb.co/0jZzTHhj/cast-def-0-501.jpg,TRUE
https://i.ibb.co/fzMXvsmr/cast-def-0-505.jpg,TRUE
https://i.ibb.co/CpG2zTzp/cast-def-0-504.jpg,TRUE
https://i.ibb.co/zTzD3jW3/cast-def-0-506.jpg,TRUE
https://i.ibb.co/9my4FCZC/cast-def-0-507.jpg,TRUE
https://i.ibb.co/j95gqgqC/cast-def-0-514.jpg,TRUE
https://i.ibb.co/HT7vcT3h/cast-def-0-515.jpg,TRUE
https://i.ibb.co/rRPs0W1L/cast-def-0-519.jpg,TRUE
https://i.ibb.co/GDJ4hL8/cast-def-0-520.jpg,TRUE
https://i.ibb.co/j9chgHGz/cast-def-0-531.jpg,TRUE
https://i.ibb.co/C5dWxFDT/cast-def-0-532.jpg,TRUE
https://i.ibb.co/5X38Bzf1/cast-def-0-534.jpg,TRUE
https://i.ibb.co/cKNYp51Y/cast-def-0-535.jpg,TRUE
https://i.ibb.co/JWxGsY8D/cast-def-0-536.jpg,TRUE
https://i.ibb.co/W4sntyV7/cast-def-0-537.jpg,TRUE
https://i.ibb.co/Kx2P0X8q/cast-def-0-538.jpg,TRUE
https://i.ibb.co/chk4chDT/cast-def-0-549.jpg,TRUE
https://i.ibb.co/0pw3zbvm/cast-def-0-551.jpg,TRUE
https://i.ibb.co/846pFP9r/cast-def-0-552.jpg,TRUE
https://i.ibb.co/V0RjsPLq/cast-def-0-555.jpg,TRUE
https://i.ibb.co/Ffh0k4J/cast-def-0-558.jpg,TRUE
https://i.ibb.co/cK1gh5dF/cast-def-0-560.jpg,TRUE
https://i.ibb.co/XfffM5NW/cast-def-0-564.jpg,TRUE
https://i.ibb.co/60Xmdfb8/cast-def-0-588.jpg,TRUE
https://i.ibb.co/6RYBWfdV/cast-def-0-586.jpg,TRUE
https://i.ibb.co/xSr4HwmF/cast-def-0-589.jpg,TRUE
https://i.ibb.co/ch4RtmWh/cast-def-0-590.jpg,TRUE
https://i.ibb.co/Q33ZLVHD/cast-def-0-591.jpg,TRUE
https://i.ibb.co/QxZ4LQn/cast-def-0-592.jpg,TRUE
https://i.ibb.co/397hJrx3/cast-def-0-594.jpg,TRUE
https://i.ibb.co/d067TN7b/cast-def-0-616.jpg,TRUE
https://i.ibb.co/0pFcFC83/cast-def-0-617.jpg,TRUE
https://i.ibb.co/1G4SVhqd/cast-def-0-618.jpg,TRUE
https://i.ibb.co/67LyQP3T/cast-def-0-619.jpg,TRUE
https://i.ibb.co/yFFYy7DK/cast-def-0-620.jpg,TRUE
https://i.ibb.co/xqPW4c7N/cast-def-0-621.jpg,TRUE
https://i.ibb.co/9k6pZvVP/cast-def-0-629.jpg,TRUE
https://i.ibb.co/5gb9z8Kv/cast-def-0-641.jpg,TRUE
https://i.ibb.co/23CY5Y8t/cast-def-0-642.jpg,TRUE
https://i.ibb.co/PsLbN6w5/cast-ok-0-10.jpg,FALSE
https://i.ibb.co/fVZ30hG3/cast-ok-0-16.jpg,FALSE
https://i.ibb.co/PzPRk5x0/cast-ok-0-14.jpg,FALSE
https://i.ibb.co/yBGfXspt/cast-ok-0-31.jpg,FALSE
https://i.ibb.co/fdyrTKQV/cast-ok-0-45.jpg,FALSE
https://i.ibb.co/qLYNqvmq/cast-ok-0-49.jpg,FALSE
https://i.ibb.co/KpfmKJHx/cast-ok-0-62.jpg,FALSE
https://i.ibb.co/DDFYTLjC/cast-ok-0-64.jpg,FALSE
https://i.ibb.co/k6z6Y6Bk/cast-ok-0-235.jpg,FALSE
https://i.ibb.co/bRjmq8Gr/cast-ok-0-238.jpg,FALSE
https://i.ibb.co/JjMbTDm8/cast-ok-0-239.jpg,FALSE
https://i.ibb.co/qYn3XjyB/cast-ok-0-246.jpg,FALSE
https://i.ibb.co/PJ2Lwg2/cast-ok-0-259.jpg,FALSE
https://i.ibb.co/cS24JXkb/cast-ok-0-268.jpg,FALSE
https://i.ibb.co/DfB63CKk/cast-ok-0-504.jpg,FALSE
https://i.ibb.co/84mSmSMf/cast-ok-0-505.jpg,FALSE
https://i.ibb.co/20Hc5bhs/cast-ok-0-525.jpg,FALSE
https://i.ibb.co/5gr62JmV/cast-ok-0-526.jpg,FALSE
https://i.ibb.co/FLGWgyYX/cast-ok-0-863.jpg,FALSE
https://i.ibb.co/qFC9TVbZ/cast-ok-0-864.jpg,FALSE
https://i.ibb.co/KjBLfGXn/cast-ok-0-869.jpg,FALSE
https://i.ibb.co/ZRsjFf1b/cast-ok-0-880.jpg,FALSE
https://i.ibb.co/Swp25tTC/cast-ok-0-897.jpg,FALSE
https://i.ibb.co/bRR77TgT/cast-ok-0-903.jpg,FALSE
https://i.ibb.co/kVC9QnNz/cast-ok-0-904.jpg,FALSE
https://i.ibb.co/Ld96wNQR/cast-ok-0-907.jpg,FALSE
https://i.ibb.co/yn2gxT7d/cast-ok-0-925.jpg,FALSE
https://i.ibb.co/gbZ5P3kT/cast-ok-0-932.jpg,FALSE
https://i.ibb.co/fVwPKC7T/cast-ok-0-927.jpg,FALSE
https://i.ibb.co/5XxJM5Vd/cast-ok-0-935.jpg,FALSE
https://i.ibb.co/HfTr3LgK/cast-ok-0-937.jpg,FALSE
https://i.ibb.co/VcJcCCqr/cast-ok-0-942.jpg,FALSE
https://i.ibb.co/svMLZ9qb/cast-ok-0-952.jpg,FALSE
https://i.ibb.co/8D0QqQhQ/cast-ok-0-960.jpg,FALSE
https://i.ibb.co/G4gbvgZB/cast-ok-0-973.jpg,FALSE
https://i.ibb.co/Q38csxJx/cast-ok-0-975.jpg,FALSE
https://i.ibb.co/VcjJbwKd/cast-ok-0-976.jpg,FALSE
https://i.ibb.co/xtvYKR10/cast-ok-0-989.jpg,FALSE
https://i.ibb.co/ccbJxG5d/cast-ok-0-998.jpg,FALSE
https://i.ibb.co/tpLNPs1R/cast-ok-0-1001.jpg,FALSE
https://i.ibb.co/N2cs6XtW/cast-ok-0-1002.jpg,FALSE
https://i.ibb.co/JWtB3PNr/cast-ok-0-1003.jpg,FALSE
https://i.ibb.co/Fr4WJ0d/cast-ok-0-1019.jpg,FALSE
https://i.ibb.co/zVdNWrb9/cast-ok-0-1020.jpg,FALSE
https://i.ibb.co/cKdJgBVQ/cast-ok-0-1021.jpg,FALSE
https://i.ibb.co/JjZQDpsG/cast-ok-0-1022.jpg,FALSE
https://i.ibb.co/RGWBkqDZ/cast-ok-0-1026.jpg,FALSE
https://i.ibb.co/6cMQjJYT/cast-ok-0-1028.jpg,FALSE
https://i.ibb.co/8L9h3ZJX/cast-ok-0-1031.jpg,FALSE
https://i.ibb.co/PzgFVxwh/cast-ok-0-1040.jpg,FALSE
https://i.ibb.co/LdrxnSt3/cast-ok-0-1066.jpg,FALSE
https://i.ibb.co/hFGmXg5X/cast-ok-0-1069.jpg,FALSE
https://i.ibb.co/h14Y5zym/cast-ok-0-1077.jpg,FALSE
https://i.ibb.co/Fk58Rw61/cast-ok-0-1088.jpg,FALSE
https://i.ibb.co/JFxKGHkp/cast-ok-0-1092.jpg,FALSE
https://i.ibb.co/v4mnt0gD/cast-ok-0-1093.jpg,FALSE
https://i.ibb.co/LDy4QD3Q/cast-ok-0-1095.jpg,FALSE
https://i.ibb.co/27yqYVmQ/cast-ok-0-1096.jpg,FALSE
https://i.ibb.co/ZRhQmGm8/cast-ok-0-1120.jpg,FALSE
https://i.ibb.co/Z5JQ2fh/cast-ok-0-1121.jpg,FALSE
https://i.ibb.co/k6SQngdv/cast-ok-0-1127.jpg,FALSE
https://i.ibb.co/xqLdGZrP/cast-ok-0-1132.jpg,FALSE
https://i.ibb.co/kVfdjVBn/cast-ok-0-1134.jpg,FALSE
https://i.ibb.co/0jtpgzYW/cast-ok-0-1140.jpg,FALSE
https://i.ibb.co/4Z4bM1yx/cast-ok-0-1137.jpg,FALSE
https://i.ibb.co/cSpnY4Vz/cast-ok-0-1141.jpg,FALSE
https://i.ibb.co/fdLwSbRX/cast-ok-0-1144.jpg,FALSE
https://i.ibb.co/7qLNLDx/cast-ok-0-1145.jpg,FALSE
https://i.ibb.co/LXw5xLbF/cast-ok-0-1160.jpg,FALSE
https://i.ibb.co/S4wx9cm3/cast-ok-0-1165.jpg,FALSE
https://i.ibb.co/6cS14qw7/cast-ok-0-1169.jpg,FALSE
https://i.ibb.co/1YkNpTvf/cast-ok-0-1170.jpg,FALSE
https://i.ibb.co/sJydBfNN/cast-ok-0-1171.jpg,FALSE
https://i.ibb.co/N60LWkhS/cast-ok-0-1172.jpg,FALSE
https://i.ibb.co/PsnJRNPw/cast-ok-0-1173.jpg,FALSE
https://i.ibb.co/fz1D6nTs/cast-ok-0-1174.jpg,FALSE
https://i.ibb.co/HD3L7n1x/cast-ok-0-1176.jpg,FALSE
https://i.ibb.co/WWRkZjXw/cast-ok-0-1180.jpg,FALSE
https://i.ibb.co/kgKQyyGP/cast-ok-0-1200.jpg,FALSE
https://i.ibb.co/ZRKccqwF/cast-ok-0-1202.jpg,FALSE
https://i.ibb.co/3m510DVZ/cast-ok-0-1203.jpg,FALSE
https://i.ibb.co/CygXyzQ/cast-ok-0-1207.jpg,FALSE
https://i.ibb.co/chK0SNb3/cast-ok-0-1209.jpg,FALSE
https://i.ibb.co/B57VkFq7/cast-ok-0-1210.jpg,FALSE
https://i.ibb.co/dJHnn1Kp/cast-ok-0-1213.jpg,FALSE
https://i.ibb.co/k24bJVqH/cast-ok-0-1218.jpg,FALSE
https://i.ibb.co/PsVC9Bxh/cast-ok-0-1315.jpg,FALSE
https://i.ibb.co/8LGbtfdD/cast-ok-0-1316.jpg,FALSE
https://i.ibb.co/QvSXnmKz/cast-ok-0-1318.jpg,FALSE
https://i.ibb.co/9mdQZKL6/cast-ok-0-1323.jpg,FALSE
https://i.ibb.co/mVHDwqw6/cast-ok-0-1326.jpg,FALSE
https://i.ibb.co/mVvrgBrm/cast-ok-0-1328.jpg,FALSE
https://i.ibb.co/hFgKZY7m/cast-ok-0-1331.jpg,FALSE
https://i.ibb.co/BH0KyqJR/cast-ok-0-1333.jpg,FALSE
https://i.ibb.co/k64KHS3N/cast-ok-0-1334.jpg,FALSE
https://i.ibb.co/gLfc83dQ/cast-ok-0-1343.jpg,FALSE
https://i.ibb.co/gMx0cNyN/cast-ok-0-1347.jpg,FALSE
https://i.ibb.co/DDddQcfy/cast-ok-0-1351.jpg,FALSE
https://i.ibb.co/BH8c1kSN/cast-ok-0-1368.jpg,FALSE
https://i.ibb.co/23XwHYGw/cast-ok-0-1381.jpg,FALSE
https://i.ibb.co/YF36tgqJ/cast-ok-0-1376.jpg,FALSE
https://i.ibb.co/gBq4hzx/cast-ok-0-1382.jpg,FALSE
https://i.ibb.co/PZMyjRmm/cast-ok-0-1384.jpg,FALSE
https://i.ibb.co/Jw8P62J7/cast-ok-0-1385.jpg,FALSE
https://i.ibb.co/Cs6cXk44/cast-ok-0-1415.jpg,FALSE
https://i.ibb.co/DgR0pRGq/cast-ok-0-1420.jpg,FALSE
https://i.ibb.co/7J7rYQ5Y/cast-ok-0-1421.jpg,FALSE
https://i.ibb.co/ksP11bfC/cast-ok-0-1426.jpg,FALSE
https://i.ibb.co/N2rKCd0c/cast-ok-0-1430.jpg,FALSE
https://i.ibb.co/WN7D7mY9/cast-ok-0-1431.jpg,FALSE
https://i.ibb.co/1G1H7NRB/cast-ok-0-1438.jpg,FALSE
https://i.ibb.co/gb3n3J3R/cast-ok-0-1865.jpg,FALSE
https://i.ibb.co/n2zqCRg/cast-ok-0-1891.jpg,FALSE
https://i.ibb.co/wrjqhd8Q/cast-ok-0-1925.jpg,FALSE
https://i.ibb.co/dJLRmjHx/cast-ok-0-1958.jpg,FALSE
https://i.ibb.co/Nv4MbZ8/cast-ok-0-2012.jpg,FALSE
https://i.ibb.co/5Wb0BQXX/cast-ok-0-2273.jpg,FALSE
https://i.ibb.co/S74z5wzj/cast-ok-0-2272.jpg,FALSE
https://i.ibb.co/6742DtTS/cast-ok-0-2286.jpg,FALSE
https://i.ibb.co/kg4rF5TM/cast-ok-0-2291.jpg,FALSE
https://i.ibb.co/fVx0rwCq/cast-ok-0-2303.jpg,FALSE
https://i.ibb.co/chhvd4QT/cast-ok-0-2311.jpg,FALSE
https://i.ibb.co/1JjtDDdd/cast-ok-0-2330.jpg,FALSE
https://i.ibb.co/fGV3pFc8/cast-ok-0-2340.jpg,FALSE
https://i.ibb.co/DHJ3dwW9/cast-ok-0-2686.jpg,FALSE
https://i.ibb.co/kg3rTmtH/cast-ok-0-2687.jpg,FALSE
https://i.ibb.co/39Wz8jfR/cast-ok-0-2694.jpg,FALSE
https://i.ibb.co/Rktvv7jQ/cast-ok-0-2698.jpg,FALSE
https://i.ibb.co/KjwBj13s/cast-ok-0-2699.jpg,FALSE
https://i.ibb.co/PzM9t6p8/cast-ok-0-2700.jpg,FALSE
https://i.ibb.co/W4X9dX0G/cast-ok-0-2707.jpg,FALSE
https://i.ibb.co/201TS7WP/cast-ok-0-2708.jpg,FALSE
https://i.ibb.co/wFVPWGLf/cast-ok-0-2722.jpg,FALSE
https://i.ibb.co/LD5jcxDH/cast-ok-0-2724.jpg,FALSE
https://i.ibb.co/tMpXJ80T/cast-ok-0-2726.jpg,FALSE
